<?xml version="1.0" encoding="UTF-8"?>
<addon id="skin.aeon.nox.glowbars.5"
       version="6.0.8-1.0.2"
       name="Aeon Nox Glowbars" 
       provider-name="BigNoid, Themes by H24">
  <requires>
    <import addon="xbmc.gui" version="5.12"/>
    <import addon="script.grab.fanart" version="0.12.8"/>
    <import addon="script.skinshortcuts" version="0.4.5"/>
    <import addon="service.library.data.provider" version="0.0.7"/>
    <import addon="resource.images.studios.white" version="0.0.1"/>
    <import addon="resource.images.recordlabels.white" version="0.0.1"/>
  </requires>
  <extension point="xbmc.gui.skin" debugging="false" effectslowdown="0.75">
    <res width="1920" height="1080" aspect="16:9" default="true" folder="1080i" />
    <res width="2560" height="1080" aspect="21:9" default="false" folder="1080i" />
  </extension>
  <extension point="xbmc.addon.metadata">
    <summary lang="de">Aeon Nox Glowbars 5: Redux</summary>
    <summary lang="el">Aeon Nox Glowbars 5: Redux</summary>
    <summary lang="en_GB">Aeon Nox Glowbars 5: Redux</summary>
    <summary lang="en_AU">Aeon Nox Glowbars 5: Redux</summary>
    <summary lang="en_NZ">Aeon Nox Glowbars 5: Redux</summary>
    <summary lang="en_US">Aeon Nox Glowbars 5: Redux</summary>
    <summary lang="es">Aeon Nox Glowbars 5: Redux</summary>
    <summary lang="fi">Aeon Nox Glowbars 5: Redux</summary>
    <summary lang="fr">Aeon Nox 5 : Redux</summary>
    <summary lang="fr_CA">Aeon Nox 5 : Redux</summary>
    <summary lang="gl">Aeon Nox Glowbars 5: Redux</summary>
    <summary lang="he">Aeon Nox Glowbars 5: Redux</summary>
    <summary lang="hu">Aeon Nox Glowbars 5: Redux</summary>
    <summary lang="is">Aeon Nox Glowbars 5: Redux</summary>
    <summary lang="it">Aeon Nox Glowbars 5: Redux</summary>
    <summary lang="ko">Aeon Nox Glowbars 5: Redux</summary>
    <summary lang="lt">Aeon Nox Glowbars 5: Redux</summary>
    <summary lang="ms">Aeon Nox Glowbars 5: Redux</summary>
    <summary lang="nl">Aeon Nox Glowbars 5: Redux</summary>
    <summary lang="no">Aeon Nox Glowbars 5: Redux</summary>
    <summary lang="pl">Aeon Nox Glowbars 5: Redux</summary>
    <summary lang="pt">Aeon Nox Glowbars 5: Redux</summary>
    <summary lang="pt_BR">Aeon Nox Glowbars 5: Redux</summary>
    <summary lang="ro">Aeon Nox 5: Reproiectat</summary>
    <summary lang="ru">Aeon Nox Glowbars 5: Redux</summary>
    <summary lang="sk">Aeon Nox Glowbars 5: Redux</summary>
    <summary lang="sv">Aeon Nox Glowbars 5: Redux</summary>
    <summary lang="th">Aeon Nox Glowbars 5: Redux</summary>
    <summary lang="vi">Aeon Nox Glowbars 5: Redux - Sự trở về</summary>
    <summary lang="zh">Aeon Nox Glowbars 5: Redux</summary>
    <description lang="de">Redux: Komplett neu designed für ein modernes Aussehen und das klassische Aeon-Feeling beizubehalten.</description>
    <description lang="el">Redux: Πλήρως επανασχεδιασμένο για να προσφέρει μια μοντέρνα αισθητική, διατηρώντας ταυτόχρονα την κλασική ομορφιά του Aeon.</description>
    <description lang="en_GB">Redux: Completely redesigned to create a modern look, while retaining the classic Aeon feel.</description>
    <description lang="en_AU">Redux: Completely redesigned to create a modern look, while retaining the classic Aeon feel.</description>
    <description lang="en_NZ">Redux: Completely redesigned to create a modern look, while retaining the classic Aeon feel.</description>
    <description lang="en_US">Redux: Completely redesigned to create a modern look, while retaining the classic Aeon feel.</description>
    <description lang="es">Redux: Completamente rediseñado para crear un aspecto moderno, pero conservando el toque clásico Aeon.</description>
    <description lang="fi">Redux: Täysin uudelleensuunniteltu moderni ulkoasu, kuitenkin tuntuen klassiselta Aeon:lta.</description>
    <description lang="fr">Redux : complètement revu pour créer une apparence moderne, en gardant l'impression classique d'Aeon.</description>
    <description lang="fr_CA">Redux : complètement remanié pour créer une apparence moderne, tout en conservant l'esprit classique d'Aeon.</description>
    <description lang="he">Redux: עיצוב חדש היוצר מראה מודרני אך משמר את ההרגשה של Aeon הקלאסי.</description>
    <description lang="hr">Redux: Potpuno preoblikovan moderan izgled, uz zadržani klasični Aeon osjećaj.</description>
    <description lang="hu">Redux: Teljesen áttervezett modern kinézet, de megtartva a klasszikus Aeon érzetet.</description>
    <description lang="is">Redux: Endurhannað nútímalegt útlit í anda Aeon.</description>
    <description lang="it">Redux: Completamente ridisegnato per creare un look moderno, mantenendo la consueta qualità Aeon.</description>
    <description lang="ko">Redux: 고전적인 Aeon 느낌을 유지하면서 현대적인 모습으로 완전히 다시 디자인하여 만들었습니다.</description>
    <description lang="lt">Redux: pilnai atnaujinta, kad sukurtų modernią išvaizdą, išlaikant klasikinio Aeon pojūtį.</description>
    <description lang="ms">Redux: Direka semula sepenuhnya untuk hasilkan penampilan modern, tetapi masih mengekalkan penampilan Aeon klasik.</description>
    <description lang="nl">Redux: Volledig opnieuw ontworpen om een ​​moderne look te creëren, met behoud van het klassieke Aeon gevoel.</description>
    <description lang="no">Redux: Helt redesignet for å gi deg en moderne utforming, samtidig som man beholder den klassiske Aeon følelsen.</description>
    <description lang="pl">Redux: Całkowicie przeprojektowana skóra Aeon, o nowoczesnym wyglądzie, zachowując klasyczny układ skóry Aeon.</description>
    <description lang="pt">Redux: Completamente redesenhado para criar um visual moderno enquanto retém o toque clássico Aeon.</description>
    <description lang="pt_BR">Redux: Design completamente novo para criar um look moderno, mantendo o feeling do Aeon Clássico.</description>
    <description lang="ru">Redux: полностью переделенная, модернизированная классическая обложка Aeon.</description>
    <description lang="sk">Redux: Kompletne prepracovaný dizajn s moderným vzhľadom pri zachovaní klasického štýlu Aeon.</description>
    <description lang="sv">Redux: Totalt omarbetad för att skapa ett modernt utseende, samtidigt som man behåller den klassiska Aeon-känslan.</description>
    <description lang="th">Redux: การออกแบบใหม่หมดจด เพื่อสร้างรูปลักษณ์ทันสมัย, ​​ขณะที่ยังคงความรู้สึกคลาสสิคของ Aeon.</description>
    <description lang="vi">Redux: Thiết kế lại hoàn toàn để tạo nên một phong cách hiện đại, trong khi đó vẫn duy trì một cảm giác Aeon cổ điển.</description>
    <disclaimer lang="en_GB">Mouse control is supported, althoug not recommended. It may not work correctly in all cases.</disclaimer>
    <platform>all</platform>
    <license>CC BY-NC-SA 4.0</license>
    <forum></forum>
    <website></website>
    <email></email>
    <source></source>
    <news></news>
    <assets>
      <icon>resources/icon.png</icon>
      <fanart>resources/fanart.jpg</fanart>
      <screenshot>resources/screenshot-01.jpg</screenshot>
    </assets>
  </extension>
</addon>
